{"initial":[1.0,0.0,0.0,0.0,0.0,1.0,0.0,0.0,0.0,1.0,0.0,0.0,1.0,0.0,1.0,1.0,0.0,0.0,0.0,0.0,1.0,0.0,0.0,0.0,1.0,0.0,0.0,1.0,0.0,1.0],"finitial":-5.30218880741292e7,"ftol_rel":1.0e-12,"ftol_abs":1.0e-8,"xtol_rel":0.0,"xtol_abs":[1.0e-10,1.0e-10,1.0e-10,1.0e-10,1.0e-10,1.0e-10,1.0e-10,1.0e-10,1.0e-10,1.0e-10,1.0e-10,1.0e-10,1.0e-10,1.0e-10,1.0e-10,1.0e-10,1.0e-10,1.0e-10,1.0e-10,1.0e-10,1.0e-10,1.0e-10,1.0e-10,1.0e-10,1.0e-10,1.0e-10,1.0e-10,1.0e-10,1.0e-10,1.0e-10],"initial_step":[0.75,1.0,1.0,1.0,1.0,0.75,1.0,1.0,1.0,0.75,1.0,1.0,0.75,1.0,0.75,0.75,1.0,1.0,1.0,1.0,0.75,1.0,1.0,1.0,0.75,1.0,1.0,0.75,1.0,0.75],"maxfeval":-1,"maxtime":-1.0,"final":[0.563342241708168,0.19839139122622085,0.064796129672076,0.05315788891618642,-0.07123832057773942,0.5730638726044821,0.19054794347840603,0.10226956886071145,-0.0479435588617361,0.0002604764805052531,-0.04756307470408,0.06632882828402596,0.01672459242859411,0.12611199131232215,0.11829616457706763,0.8073591509547114,-0.35882774113606386,0.8301164495888879,-0.6345949727875944,0.18039723962931134,0.6229523197006278,0.09833792109440581,0.5083238888397865,-0.0872956395390751,0.933257187043322,0.27580271601002104,0.13974530277724392,0.694938340210819,0.006948782798209351,0.6427160422454016],"fmin":-5.345466737380189e7,"feval":5215,"optimizer":"LN_BOBYQA","returnvalue":"FTOL_REACHED","nAGQ":1,"REML":false}