{"initial":[1.0,0.0,1.0,1.0,0.0,1.0],"finitial":-3.1353273514291897e7,"ftol_rel":1.0e-12,"ftol_abs":1.0e-8,"xtol_rel":0.0,"xtol_abs":[1.0e-10,1.0e-10,1.0e-10,1.0e-10,1.0e-10,1.0e-10],"initial_step":[0.75,1.0,0.75,0.75,1.0,0.75],"maxfeval":-1,"maxtime":-1.0,"final":[0.5035744821102697,0.013301510265314564,0.19907784937448392,0.04363485685525062,0.007659401322734115,0.029910739837701976],"fmin":-3.1442285541990463e7,"feval":622,"optimizer":"LN_BOBYQA","returnvalue":"FTOL_REACHED","nAGQ":1,"REML":false}